Name,Ticker,Creator Name,Is the token a fractionalized NFT? Link to NFT sheet if yes,Did the creator give permission to fractionalize the NFT?,"Was the token, or underlying token, minted with the creator's consent?  ",Has the creator since blessed the token?,Does the project have IP rights?,Was the token intended to be traded?,Does the project have a continuing relationship with the creator?,"Has this meme been minted more than once, or in any other format not directly linked to this token?",Is the origin of the meme a physical piece of art?,Is the token the original source of the content?,"Is there any reason to suspect insider trading by the team, or that they unfairly coerced the creator?",Are there any doubts about the authenticity of the creator's verification?,Does the subject of the meme have the capacity to represent their own interests?,"If not, do we feel they have been represented fairly?",Discretionary Provenance Grade,Meme popularity,Fair launch & distribution score,ATH marketcap for an unofficial token of this subject,Overall discretionary grade,"Chains (, to separate chains, origin chain first)","CA (, to separate chains, order matters)",Creator social media,KYM Link,X Link,Project socials,Launch date,Provenance proof,Name(s) of onboarding agent(s),category,Note,Website Link,TG Link,Discord Link,Image Link (prefer IPFS),Listed on index?,Decimals,ID / Slug (TOKEN),Description (max. 90 characters),Tags (categories),Tags (provenance),Proofs,"Block Origin (block, separate with ,)"
Feisty Doge,$NFD,Atsuko Satō,Yes,No,Yes,No,No,Yes,Yes,No,No,No,No,No,No,Yes,B,,,,,"Ethereum, Base, Solana","0xDFDb7f72c1F195C5951a234e8DB9806EB0635346, 0x37289326b7bca5a776a5071b8d693c0588c5c9a6, CY2E69dSG9vBsMoaXDvYmMDSMEP4SZtRY1rqVQ9tkNDu",https://x.com/kabosumama,,https://x.com/BIC_dao,https://x.com/BIC_dao,8/19/2021,https://very.auction/,,Meme,,https://bureauofinternetculture.com/,https://t.me/feistydoge,https://discord.com/invite/jhtk3VHkqb,https://ipfs.io/ipfs/bafybeialp5jtrdgrn6febhd3q7i2ebjwmwchom7jgbmcizar6eabd6a6tq,Yes,"18,18,8",feisty-doge,"First fractionalized Doge, governance token for Bureau Of Internet Culture.","MEME, DOG",FNFT,,"13056457, 3214396, 0"
Own The Doge,$DOG,Atsuko Satō,Yes,Yes,Yes,N/A,Yes,Yes,Yes,No,No,No,No,No,No,Yes,A+,,,"$80,000,000,000",,"Ethereum, Base, Solana","0xBAac2B4491727D78D2b78815144570b9f2Fe8899, 0xafb89a09d82fbde58f18ac6437b3fc81724e4df6, B9u8h65uM1oifqmP82VyUDb68iG2fKfZiyubmNMtu3h7",https://x.com/kabosumama,,https://x.com/ownthedoge,https://x.com/ownthedoge,8/31/2021,https://x.com/kabosumama/status/1817350738873651557,,Meme,,https://www.ownthedoge.com/,https://t.me/ownthedoge,https://discord.com/invite/ownthedoge,https://ipfs.io/ipfs/bafybeiejv7o3zqcizio3jpcc5geucdvci73klmf7kazyzpvyp5qn64ny4a,Yes,"18,18,8",doge,Token backed by Kabosu’s owner; community that holds Doge IP through fractionalized $DOG.,"MEME, DOG","FNFT, IP, BLESS",,"13130302, 3214417,314938824"
Keycat,$KEYCAT,Charlie Schmidt,No,N/A,No,Yes,Yes,Yes,Yes,Yes,No,No,No,No,No,Yes,B,,,,,Base,0x9a26F5433671751C3276a065f57e5a02D2817973,https://x.com/chuckieart,,https://x.com/KeyboardCatBase,https://x.com/KeyboardCatBase,3/26/2024,https://x.com/KeyboardCatBase/status/1864348473199399355,,Meme,,https://www.keyboardcat.fun/,https://t.me/keyboardcatonbase,,https://www.dropbox.com/scl/fo/z8qx9cfxrcmri55sm1tyl/AAf3JeTBm30ieXI9dmN0myE/Keyboard%20Cat%20Images/Keyboard%20Cat%20Images?dl=0&rlkey=rxspbic2b8pkzlwkmzggd5jgl&subfolder_nav_tracking=1,Yes,18,key-cat,"Official memecoin ""Keycat,"" licensed and backed by Fatso’s rightful owner.","MEME, CAT","IP, BLESS",,12315530
Huh Cat,$HUH,Ben's Owners,No,N/A,Yes,N/A,Unknown,Yes,Yes,Yes,No,No,No,No,No,Yes,A,,,,,Base,0x9a532dba4b18E605541c4eA5E14bF70490044858,https://www.instagram.com/huhcat_official/,,https://x.com/OFFICIALhuhcat,https://x.com/OFFICIALhuhcat,11/30/2024,https://x.com/OFFICIALhuhcat/status/1863346478514626871,,Meme,,,https://t.me/officialhuhcat,,https://ipfs.io/ipfs/QmUsCAbCgduPnhCKuhuw49AY2HcP6YAY8zCWch1wsQTFUM/nft.mp4,Yes,18,huh-cat,"Token of the iconic ""Huh?"" cat - endorsed and backed by the owners.","MEME, CAT","CREATOR, BLESS",,23102529
Sminem,$OGSM,Roman Zuev,No,N/A,Yes,N/A,Yes,Yes,Yes,Yes,No,No,No,No,Yes,N/A,A+,,,,,"Ethereum, Solana","0x9778ac3d5a2f916aa9abf1eb85c207d990ca2655, ApAY7ht7zyfVzzH6nRRiLxzr68SEJ8d77VgRmtzjg75j",https://x.com/thesminemverse,,https://x.com/thesminemverse,https://x.com/thesminemverse,4/24/2023,https://x.com/thesminemverse,,Meme,,http://sminem.org,T.ME/SMINEMSUNITE,,https://ipfs.io/ipfs/QmdfERHcJcEfyHMzRGgMZNJp8j37TWfvupXPb7F12xh5HL/nft.jpg,Yes,"18,5",sminem,"Memecoin backed by Roman Zuev, the living OG crypto meme Sminem.",MEME,"CREATOR, BLESS",,"17118948, 30275313"
ElonRWA,$ElonRWA,Watchieboy,Yes,Yes,Yes,N/A,Yes,Yes,Yes,No,Yes,No,No,No,N/A,N/A,A+,,,,,"Base, Solana","0xAa6Cccdce193698D33deb9ffd4be74eAa74c4898, GKpETcy8wYHPCB228rvNrqdDR23yyn7Yux6B2rdQRYKw",https://x.com/watchieboy,,https://x.com/ElonRWA,https://x.com/ElonRWA,3/20/2024,https://x.com/watchieboy/status/1395381839032995841,,Meme,,https://elonrwa.com/,https://t.me/+EjUqHhs4LJoyZjkx,,https://i.redd.it/twsliey41yk21.jpg,Yes,"18,8",elonrwa,Memecoin backed by the viral badly drawn physical portrait of Elon Musk.,MEME,"CREATOR, BLESS, RWA",,"12080227, 301190417"
Woman Yelling at Cat,$WYAC,Taylor Armstrong,No,N/A,Yes,N/A,Yes,Yes,Yes,Yes,No,No,No,No,Mixed,Yes,A,,,,,Solana,BEgBsVSKJSxreiCE1XmWWq8arnwit7xDqQXSWYgay9xP,https://x.com/TaylorArmstrong,,https://x.com/wyacsolana,https://x.com/wyacsolana,6/3/2024,https://x.com/TaylorArmstrong/status/1798064909215011051,,Meme,,https://wyac.world/,https://t.me/womanyellingatcat,,https://i.kym-cdn.com/photos/images/newsfeed/001/505/717/49b.jpg,Yes,6,wyac,Created by the real Woman Yelling at Cat — meme legend behind the viral image.,MEME,CREATOR,,269640910
$243M Theft,$243M,ZachXBT,Yes,No,No,No,Unknown,No,Yes,No,No,Yes,No,No,Yes,N/A,C,,,,,Base,0xd68470491eb513365322810e55e0eba80785dfdd,https://x.com/zachxbt,,https://x.com/243MTheft,https://x.com/243MTheft,9/19/2024,https://x.com/zachxbt/status/1836753473343259058,,Celebrity,Community Takeover,,https://t.me/zachtheftcoin,,https://ipfs.io/ipfs/bafybeifno457iag3yfnfak2m2crcl6pq26qukbtc5el5a65a2qr5dds44y,Yes,18,243m,Community takeover of ZachXBT's deployed token after $243M fraud exposé.,CELEBRITY,CREATOR,,19980379
Stonks,$STNK,Henry Hooper,No,N/A,No,Yes,Yes,Yes,Unknown,No,No,No,No,No,N/A,N/A,A,,,,,Solana,43VWkd99HjqkhFTZbWBpMpRhjG469nWa7x7uEsgSH7We,None,,https://x.com/STONKS_SOL,https://x.com/STONKS_SOL,,https://x.com/STONKS_SOL/status/1861174453159268421,,Meme,Community Takeover. The former IP owner minted it as an NFT which was sold to the current community along with the IP.,https://stonkscoin.org/,https://x.com/STONKS_SOL,,https://i.kym-cdn.com/photos/images/newsfeed/001/499/826/2f0.png,Yes,9,stonks,"First memecoin ever deployed on Solana backed by the ""Stonks"" meme IP.",MEME,IP,,0
Mr. Miggles,$MIGGLES,Coinbase,No,N/A,No,Yes,Yes,Yes,Unknown,Yes,No,No,No,No,N/A,N/A,B,,,,,Base,0xB1a03EdA10342529bBF8EB700a06C60441fEf25d,https://x.com/coinbase,,https://x.com/MrMigglesOnBase,https://x.com/MrMigglesOnBase,,https://x.com/MrMigglesOnBase/status/1867828547387371858,,Meme,"Base posted the meme as a way of backing provenance and someone ELSE immediately made a token to monetize it. Base did not bother fighting and eventually backed it, although possibly they launched it themselves anonymously to make it look organic. Also has a zora creator coin.",https://miggles.io/,https://t.me/Mister_Miggles,,https://pbs.twimg.com/ext_tw_video_thumb/1813587715704881152/pu/img/naE7XcIQpao15ar3.jpg,Yes,18,miggles,Officialy licensed memecoin of the famous cat from the Coinbase ad campaign.,CAT,"IP, BLESS",,17179146
Grumpy Cat,$GRUMPY,Bryan Bundesen,No,Yes,No,Yes,Yes,Yes,Yes,Yes,No,No,Yes,No,No,Yes,C,,,,,Solana,GRUmPYbiTpq9ZPy5LAqBMMze7kErf5dEX2i9qYfwoSmR,https://x.com/RealGrumpyCat,,https://x.com/grumpycatcoin,https://x.com/grumpycatcoin,11/15/2024,,Ben Lashes,Meme,Token was deployed 6 days before announcement.,https://www.grumpycatcoin.com/,https://t.co/mdDQ75GMlC,,https://www.grumpycatcoin.com/_next/image?url=%2F_next%2Fstatic%2Fmedia%2Fcat-from-reddit.57a7748f.png&w=2048&q=100,Yes,9,grumpy-cat,"The officially endorsed memecoin of internet legend, Grumpy Cat.","MEME, CAT","IP, CREATOR, BLESS",,301355587
Walter,$WALTER,Victoria Leigh,No,N/A,No,Yes,Yes,Yes,Unknown,No,No,No,No,No,No,Yes,B,,,,,Solana,FV56CmR7fhEyPkymKfmviKV48uPo51ti9kAxssQqTDLu,https://x.com/byVictoriaLeigh,,https://x.com/WalterDogSolana,https://x.com/WalterDogSolana,,https://x.com/PupperNelson/status/1808669084277465432,,Meme,"""Licensing is not endorsement"". Has many custom pfps but these are not minted as a collection.",http://walterdogsolana.com,t.me/WalterCTO,,https://pbs.twimg.com/media/DoWo3unU4AA2etL?format=jpg&name=large,Yes,6,walter,"Memecoin of Nelson, the Bull Terrier that owns the IP to the meme.","MEME, DOG","IP, MEME",,267475536
Happy Cat,$HAPPY,NSSU NITTAIDAI ,No,N/A,No,Yes,Yes,Yes,No,No,No,No,No,No,No,Yes,B,,,,,Solana,HAPPYwgFcjEJDzRtfWE6tiHE9zGdzpNky2FvjPHsvvGZ,https://x.com/1Nssu,,https://x.com/HappyCatArcade,https://x.com/HappyCatArcade,,https://x.com/1Nssu/status/1854912827296973258,,Meme,,https://happycatonsol.com/,https://t.me/happycatchat,,,Yes,9,happy-cat,Backed by the creator of the original Happy Cat — iconic meme cat IP.,"MEME, CAT","IP, BLESS",,299847253
Shark Cat,$SC,Pookie Varisiri,No,N/A,No,Yes,Yes,Yes,Unknown,No,No,No,No,No,No,Yes,B,,,,,Solana,6D7NaB2xsLd7cauWu1wKk6KBsJohJmP2qZH9GEfVi5Ui,https://www.instagram.com/pookie_n/?hl=en,,https://x.com/SharkCatSolana,https://x.com/SharkCatSolana,,https://x.com/iamnalacat/status/1805653532307325106,,Meme,,https://www.sharkcatsolana.org/,https://t.me/sharkcatonsolana,,https://www.instagram.com/nala_cat/p/CsrIIw5pmF8/,Yes,6,shark-cat,Blessed by Nala Cat’s owner; official memecoin of the viral Shark Cat.,CAT,"IP, BLESS",,256522127
Simon's Cat Token,$CAT,Simon Tofield,No,N/A,Yes,N/A,Yes,Yes,Yes,No,No,No,No,No,N/A,N/A,A+,,,,,BSC,0x6894cde390a3f51155ea41ed24a33a4827d3063d,https://x.com/SimonsCat,,https://x.com/SimonsCatMeme,https://x.com/SimonsCatMeme,,https://x.com/SimonsCatMeme/status/1836012995379601464,,Series,"Simon's cat is ""electronically hand drawn"", so it is not based on unique physical media. The author of course has his own business around this brand. This project is professionally executed at every level, a rarity for groups with no attachment to BIC.",https://www.simons.cat/,https://t.me/SimonsCatWorld,,https://pbs.twimg.com/profile_images/1849044330356547584/Dv9GheV0_400x400.jpg,Yes,18,simons-cat,Simon Tofield’s token for his globally loved “Simon’s Cat” animation series.,CAT,"IP, CREATOR, BLESS",,41426105
Bailey,$BAILEY,DisoBailey,No,N/A,Yes,N/A,Yes,Yes,Unknown,No,No,No,No,No,No,Yes,A,,,,,Base,0x3942caE8bb9FC8f24Fe627B30b6E7461E5662BA7,https://x.com/DisoBailey/status/1865988698354995367,,https://x.com/DisoBailey,https://x.com/DisoBailey,,https://www.instagram.com/goldenretrieverbailey/,,Meme,Instagram account is official as noted by other sources. They link to the dexscreener in bio,https://basedbailey.com/,https://t.me/baileyonbase,,https://x.com/DisoBailey/status/1865988680818602170/photo/1,Yes,18,bailey,Officially deployed token of the dog behind the viral “I have no idea what I'm doing” meme.,"MEME, DOG","CREATOR, IP, BLESS",,22931191
Cocoro,$COCORO,Atsuko Satō,No,N/A,Yes,N/A,Yes,Yes,Yes,No,No,Yes,No,No,No,Yes,S,,,,,Base,0x937a1cFAF0A3d9f5Dc4D0927F72ee5e3e5F82a00,https://x.com/kabosumama,,https://x.com/ownthedoge,https://x.com/ownthedoge,3/8/2025,https://kabochan.blog.jp/archives/53553858.html,,Meme,,https://www.ownthedoge.com/,https://t.me/ownthedoge,https://discord.com/invite/ownthedoge,https://pbs.twimg.com/media/Glg9IpeXsAAb-9_?format=jpg&name=large,Yes,18,cocoro,"Cocoro — Atsuko's newest pet, now immortalized in a token by Own The Doge.",DOG,"CREATOR, BLESS",,27317723
Baby Shark,$BABYSHARK,Pinkfong,No,N/A,Yes,N/A,Yes,Yes,Yes,No,No,No,No,No,N/A,N/A,A+,,,,,Solana,8nKP8Vc72pRZB6bhCy8D1UYf6ZjwYT859i6awyinpump,,,https://x.com/sol_babyshark,,,,,Meme,,https://babysharkmeme.io/,https://t.me/SOLBabyShark,, ,Yes,6,baby-shark,"Licensed token backed by the official Baby Shark IP — yes, that Baby Shark.",MEME,"IP, BLESS",,311532524
Hide The Pain Harold,$PAIN,András István Arató / Memeland,No,N/A,Yes,N/A,Unknown,Yes,Yes,No,No,No,No,No,Yes,N/A,A+,,,,,Solana,1Qf8gESP4i6CFNWerUSDdLKJ9U1LpqTYvjJ2MM4pain,https://x.com/pain,,https://x.com/pain,https://x.com/pain,,https://www.instagram.com/paintoken/#,,Meme,Incubated by memeland,https://paintoken.com/,,,https://www.instagram.com/paintoken/#,Yes,6,hide-the-pain,Created with collaboration with Harold himself — token of the one and only Hide the Pain Harold meme.,MEME,"MEME, CREATOR",,321737187
Neiro,$NEIRO,Atsuko Satō,No,N/A,No,Yes,Yes,Yes,Yes,No,No,No,No,No,No,Yes,A,,,,,Ethereum,0x812Ba41e071C7b7fA4EBcFB62dF5F45f6fA853Ee,https://x.com/kabosumama,,https://x.com/neiro,https://x.com/neiro,,https://x.com/neiro/status/1915413271999398068,,,,https://www.neiroeth.io/,https://t.me/ETHNEIROCTO,,https://pbs.twimg.com/media/GTiG3IyaAAAG2Nc?format=jpg&name=large,Yes,9,neiro,"Token of Neiro, adopted by Kabosu’s former owner; licensed and backed by Neiro IP.",DOG,IP,,20400503
Harambe,$HARAMBE,Jeff McCurry,Yes,No,No,Yes,No,Yes,Yes,Yes,No,No,No,No,No,Yes,D,,,,,Ethereum,0x2a4A220BEb6A0fd217A129125d0034e2dB0DEe46,https://x.com/jeffmccurry9,,https://x.com/TheHarambeNFT,https://x.com/TheHarambeNFT,2/6/2022,?????,,Meme,Photographer endorsed 2 projects: https://x.com/HarambeApes,,https://t.me/DoItForHimHarambe,,https://ipfs.io/ipfs/QmSV9HB2Xpk8KH47irC6EG7gSij3oLesA8unPu9tBz7JSp/nft.jpg,,,harambe,Fractionalized basket of Harambe photos minted by the photographer.,MEME,FNFT,,
NUB Cat,$NUB,Leon Karssen,No,N/A,Yes,N/A,Yes,Yes,Yes,No,No,No,No,No,N/A,N/A,A+,,,,,Solana,GtDZKAqvMZMnti46ZewMiXCa4oXF4bZxwQPoKzXPFxZn,https://x.com/LeonKers,,https://x.com/nubcat,https://x.com/nubcat,,Artist does art actively for the community,,,Need help finding provenance proof as X account was banned,https://nubcat.xyz/,https://t.me/+kscqVLQZD51mNGZh,,,,,nub-cat,,CAT,CREATOR,,
Bertram The Pomeranian,$BERT,Kathy Grayson,No,N/A,No,Yes,Yes,Yes,Unknown,No,No,No,No,No,No,Yes,B,,,,,Solana,HgBRWfYxEfvPhtqkaeymCQtHCrKE46qQ43pKe8HCpump,https://x.com/kathygrayson,,https://x.com/bertcoincto,,,https://x.com/bertcoincto/status/1887232814300406027,,,,,,,,,,bertram,,DOG,IP,,
BOGDANOFF (PUMPIT),$PUMPIT,CTO with Bogdanoff Family ,No,N/A,Yes,N/A,Unknown,Yes,Unknown,No,No,No,No,No,No,Yes,D,,,,,Solana,4WMcTsfEMNwhpPhfWDrnKAGintoFhmRcN5p1UDB6pump,,,https://x.com/PumpitBogdanoff,https://linktr.ee/PumpItBogdanoff,1/22/2025,,Path has chat logs,,This was okayed by the FAMILY AND ESTATE of the Bogdanoff twins - they passed before this token was created.,https://www.bogdanoff.io/,https://t.me/BogdanoffOfficial,,,,,,"A memecoin inspired by the legendary Bogdanoff twins, the unseen architects of the crypto-world and beyond. From an undisclosed location, they continue to control the markets and shape our future. The plan is in motion..",,,,
Hanbao,$HANBAO,Amur Leopard,No,N/A,No,No,No,Yes,No,No,No,No,No,No,No,,F,,,,,Solana,GTFWEVQy5BwQsZJWS4Y6KaZ3or6Yhysh2EEUp8bgpump,https://www.zoochat.com/community/members/amur-leopard.15737/,,https://x.com/Hanbaoswims,https://x.com/Hanbaoswims,9/26/2024,https://x.com/dorculas/status/1844163235290939852,,Meme,The photographer was offered coins but declined,https://hanbao.fun/,https://t.me/+Bb4HWVgFpbBhMjBh,,https://hanbao.fun/assets/main-CJuSfC_O.jpg,,,hanbao,The Absolute Best Smiling Dolphin memecoin endorsed by the photographer.,,BLESS,,
The Balkan Dwarf,$KEKEC,Balkan Dwarf Team,No,N/A,Yes,N/A,Unknown,Yes,Yes,No,No,Yes,No,No,,,,,,,,Ethereum,0x8c7ac134ed985367eadc6f727d79e8295e11435c,,,https://x.com/kekeceth,https://x.com/kekeceth,10/27/2023,original,,Meme,,https://www.kekec.wtf/,https://t.me/KEKECPORTAL,https://discord.com/invite/WTuRX4K53d,https://www.youtube.com/watch?v=IwLSrNu1ppI,,,kekec,Memecoin of The Balkan Dwarf known by the catchy flute music.,,ORIGINAL,,
MEW,$MEW,MEW Team,No,N/A,Yes,N/A,Yes,Yes,Yes,No,No,Yes,No,No,,,S,,,,,Solana,MEW1gQWJ3nEXg2qgERiKu7FAFj79PHvQVREQUzScPP5,https://x.com/mew,,https://x.com/mew,https://x.com/mew,,,,Meme,,https://mew.xyz/,https://t.me/mewsworld,,,,,mew,,,"ORIGINAL, IP",,
S&P 6900,$SPX,S&P 6900 Team,No,N/A,Yes,N/A,No,Yes,Yes,Yes,No,Yes,No,No,,,,,,,,Ethereum,0xe0f63a424a4439cbe457d80e4f4b51ad25b2c56c,https://x.com/spx6900,,https://x.com/spx6900,https://x.com/spx6900,8/15/2023,original,,Meme,"A large amount of the SPX content is taken directly from a Japanese game, so while the community and content are extremely organic is does not quite reach full marks. Additionally, the mentioned character was used as a subject for a spinoff NFT collection, which creates some dilution.",https://www.spx6900.com/,https://t.me/SPX6900Portal,https://discord.com/invite/projectaeon,https://drive.google.com/drive/folders/1-45G73F55XOUj1PL-4iqLD88MmekNuq4,,,spx,Crypto-native memecoin that through original creation became a meme itself.,,ORIGINAL,,
JUSTICE FOR PEANUT,$JFP,Squirrel Dad,No,N/A,Yes,N/A,Yes,Yes,Yes,Yes,No,No,Yes,No,No,Yes,,,,,,Solana,CHKzK9EbEDxaQx1aU3SrRixJPFsToURcug5uUG2ipump,https://x.com/Squirrel_Dad12,,https://x.com/justicepnutfred,https://x.com/justicepnutfred,12/5/2024,https://x.com/Squirrel_Dad12/status/1864832927324082472,,Meme,"Dad of PNUT & Fred. Redeploy. This token was deployed 24 hours before it was announced. Later deployed another token, 2kkwPP6Y5v4aSteLo2R6uqmx3aQ6Veb1xDcRXHsNbonk",https://www.justiceforpnut.io/,https://t.me/JusticePeanutFred,,https://upload.wikimedia.org/wikipedia/en/6/6f/Peanut_the_squirrel.png,,,justice,Memecoin of Peanut the Squirrel endorsed by the owner.,,"BLESS, IP",,
Hawk Tuah,$HAWK,Haliey Welch,No,N/A,Yes,N/A,Unknown,Yes,No,No,No,No,Yes,No,Yes,,E,,,,,Solana,HAWKThXRcNL9ZGZKqgUXLm4W8tnRZ7U6MVdEepSutj34,https://x.com/HalieyWelchX,,https://x.com/HalieyWelchX,https://x.com/HalieyWelchX,12/4/2024,https://x.com/HalieyWelchX/status/1864434514610782583,,Celebrity,,,,,,,,hawk-tuah,"Celebrity coin of Hawk Tuah Girl, spit on that thing.",,"CELEBRITY, CREATOR",,
Free Ross,$ROSS,Ross Ulbricht,Yes,Yes,Yes,N/A,Unknown,Yes,No,No,Yes,No,No,No,,,B,,,,,Ethereum,0x4CD0c43B0D53bc318cc5342b77EB6f124E47f526,@RealRossU,,,Deleted,,"While Ross' family were involved in the operation of the token, they later stated that there were ""no official ross tokens"". This may have been confusion about the fractionalization of the artworks or purely for legal reasons to help his case.",,Celebrity,,,,,,,,,,,,,
Estee,$ESTEE,Irina Valko,,,No,Yes,,,,,,,,,No,,,,,,,Ethereum,0x4298e4ad48be89bf63a6fdc470a4b4fe9ce633b1,https://www.facebook.com/toyokhara.shiba/,,https://x.com/esteecoin,https://esteecoin.com/,9/18/2024,?????,,Meme,Endorsed by Dog owner,https://esteecoin.com/,https://t.me/esteectoportal,,https://esteecoin.com/wp-content/uploads/2024/10/a0435600-bc99-49d0-a349-9e9cca706aef-1024x683.jpg,,,estee,"Token endorsed by the owner of Estee, the dog behind original $SHIB logo.",DOG,"BLESS, DOG",,
Kaga No Fuuka Go Sapporo Kagasou (Estee),$estee,Irina Valko,,,,,,,,,,,,,,,,,,,,Ethereum,0x8bd35250918ed056304fa8641e083be2c42308bb,https://www.facebook.com/toyokhara.shiba/,,,https://x.com/esteeisshib,9/25/2024,,,Meme,Endorsed by photographer/holds NFT,,,,https://esteecoin.com/wp-content/uploads/2024/10/a0435600-bc99-49d0-a349-9e9cca706aef-1024x683.jpg,,,,,,,,
Bad Luck Brian,$BRIAN,Kyle Craven,Yes,Yes,Yes,N/A,Unknown,Yes,Yes,No,Yes,No,No,No,,,A,,,,,Ethereum,0x8d15347eda755d77f1e39fa3c0b121777f6bcb01,https://x.com/solidbadluck,,,,,Fractionalized via DankBank,,Meme,,https://www.dankbank.co/meme/Bad-Luck-Brian,,,,,,,,,,,
Dancing Triangle,$TRIANGLE,,Yes,Yes,Yes,N/A,Unknown,Yes,No,No,No,No,No,No,,,A,,,,,Ethereum,0x6dd5f24e754fc36eff2067e8658810e0384d7aea,,,,,,Fractionalized via DankBank,,Meme,,https://www.dankbank.co/meme/Dancing-Triangle,,,,,,,,,,,
Ermahgerd,$ERMAGHERD,Maggie Goldenberger,Yes,Yes,Yes,N/A,Unknown,Yes,No,No,Yes,No,No,No,,,A,,,,,Ethereum,0x94aebf59442ccca4c6f16913526e3488da9a2a9b,https://x.com/ermahgerd_4real,,,,,Fractionalized via DankBank,,Meme,,https://www.dankbank.co/meme/Ermahgerd,,,,,,,,,,,
Success Kid,$SUCCESS,Laney Griner,Yes,Yes,Yes,N/A,Unknown,Yes,No,No,No,No,No,No,,,A,,,,,Ethereum,0x7e0eaf21357b27477524eded3185e6dc1a4c2486,https://x.com/laneymg,,,,,Fractionalized via DankBank,,Meme,,https://www.dankbank.co/meme/Success-Kid,,,,,,,,,,,
Trade Offer,$TRADE,Brad Forir,Yes,Yes,Yes,N/A,Unknown,Yes,No,No,No,No,No,No,,,A,,,,,Ethereum,0xd20183c18277161e651e5def4af8919eede43fd6,https://www.instagram.com/bradeazy/,,,,,Fractionalized via DankBank,,Meme,,https://www.dankbank.co/meme/Trade-Offer,,,,,,,,,,,
10 Guy,$10GUY,Connor Sinclair,Yes,Yes,Yes,N/A,Unknown,Yes,No,No,No,No,No,No,,,A,,,,,Ethereum,0x9550a643148501eeb5c00e7e74739c2aae953373,https://x.com/10guyofficial,,,,,Fractionalized via DankBank,,Meme,,https://www.dankbank.co/meme/10-Guy,,,,,,,,,,,
"Hide Yo Kids, Hide Yo Wife",$HIDEYOKIDS,Kevin Antoine Dodson,Yes,Yes,Yes,N/A,Unknown,Yes,No,No,No,No,No,No,,,A,,,,,Ethereum,0x63a8041d6897e0f3dc10291c87a02728e14243ec,https://x.com/antoinedodson24,,,,,Fractionalized via DankBank,,Meme,,https://www.dankbank.co/meme/Hide-Yo-Kids-Hide-Yo-Wife,,,,,,,,,,,
Hi Okay,$HIOKAY,Lilianna Hogan,Yes,Yes,Yes,N/A,Unknown,Yes,No,No,No,No,No,No,,,A,,,,,Ethereum,0x9874d02d03aabb8992da6a4b34b576665fe30926,https://www.linkedin.com/in/liliannahogan108,,,,,Fractionalized via DankBank,,Meme,,https://www.dankbank.co/meme/Hi-Okay,,,,,,,,,,,
Honey Badger Don't Care,$HONEYBADGER,Christopher Gordon / Randall,Yes,Yes,Yes,N/A,Unknown,Yes,No,No,No,No,No,No,,,A,,,,,Ethereum,0xf9404561386e5f4c71ad88908c0c18ff81faf1c2,https://x.com/randallsanimals,,,,,Fractionalized via DankBank,,Meme,,https://www.dankbank.co/meme/Honey-Badger-Don't-Care,,,,,,,,,,,
Two Pretty Best Friends,$2PBF,Jordan Scott,Yes,Yes,Yes,N/A,Unknown,Yes,No,No,No,No,No,No,,,A,,,,,Ethereum,0x06e77ea85252f6fe07185dcdebbed8bcbaf69218,https://x.com/jayrscottyy,,,,,Fractionalized via DankBank,,Meme,,https://www.dankbank.co/meme/Two-Pretty-Best-Friends,,z,,,,,,,,,
Sneezing Baby Panda,$PANDA,Wild Candy PTY LTD,Yes,Yes,Yes,N/A,Unknown,Yes,No,No,No,No,No,No,,,A,,,,,Ethereum,0x0c19a90a91d5f61289807248d0842c2b01da6061,https://www.youtube.com/@wildcandy5914,,,,,Fractionalized via DankBank,,Meme,,https://www.dankbank.co/meme/Sneezing-Baby-Panda,,,,,,,,,,,
Look at all Those Chickens!,$CHICKENS,Bernforever,Yes,Yes,Yes,N/A,Unknown,Yes,No,No,No,No,No,No,,,A,,,,,Ethereum,0xcf8a595681ce6f892365fbf52fa263bcb4353187,https://www.reddit.com/user/Bernforever/,,,,,Fractionalized via DankBank,,Meme,,https://www.dankbank.co/meme/Look-at-all-Those-Chickens!,,,,,,,,,,,
Evolution of Dance,$DANCE,Judson Laipply,Yes,Yes,Yes,N/A,Unknown,Yes,No,No,No,No,No,No,,,A,,,,,Ethereum,0x11c8083384d2daa5e1f41811c28635120643e0f3,https://x.com/judsonlaipply,,,,,Fractionalized via DankBank,,Meme,,https://www.dankbank.co/meme/Look-at-all-Those-Chickens!,,,,,,,,,,,
I Don't Like You Mommy,$MOMMY,Allison Jacobs,Yes,Yes,Yes,N/A,Unknown,Yes,No,No,No,No,No,No,,,A,,,,,Ethereum,0xf09d8ce551382bb9a5032edf92989ab1c87df5a6,https://www.youtube.com/@copgirl406,,,,,Fractionalized via DankBank,,Meme,,https://www.dankbank.co/meme/I-Don't-Like-You-Mommy,,,,,,,,,,,
I Could've Dropped My Croissant,$CROISSANT,Terry McCaskill,Yes,Yes,Yes,N/A,Unknown,Yes,No,No,No,No,No,No,,,A,,,,,Ethereum,0x1ab005215936347b30c9044f34dc883394f02bc4,https://www.instagram.com/terryjr12,,,,,Fractionalized via DankBank,,Meme,,https://www.dankbank.co/meme/I-Could've-Dropped-My-Croissant,,,,,,,,,,,
Yellow Glasses Guy,$YGGC,Muyi Fre$co,Yes,No,Yes,N/A,No,Yes,No,No,No,No,No,No,,,B,,,,,Ethereum,0x9a4f1fb9f4ecab0d343658c6f1487e65c1af2ee8,https://x.com/SplashxMuyi,,,,8/12/2021,,,,First fractionalized memecoin.,,,,,,,,,,,,
OG BABYFACE,$OG BABYFACE,711truther,No,N/A,Yes,N/A,Unknown,Yes,Yes,No,No,No,No,No,,,,,,,,BASE,0x0acd5006a4ee321be73bbe7a033cec236c9a62db,https://x.com/DaveMcNamee3000,,,,4/10/2025,,,,,https://dexscreener.com/base/0xf0c4c0aa0a4e1a2ea1313b89783c0dbd2c2d2223,,,,,,,The original JD Vance BabyFace Edit,,,,
Pwease OG,$PWEASE OG,711truther,No,N/A,Yes,N/A,Unknown,Yes,Yes,No,No,No,No,No,,,,,,,,BASE,0x157ce66e5806d05e82cf26e296cecac983eaea13,https://x.com/DaveMcNamee3000,,,,6/17/2025,,,,,https://dexscreener.com/base/0xefb28475001c0c10d871dc12c45fce9286e83fa32bcb67be3a8d8be24e216865,,,,,,,My second edition of the OG pwease meme,,,,
Evil Larry,$LARRY,hobbicats,No,N/A,"No, became ""official"" token later",Yes,Yes,Yes,Yes,No,No,No,Needs research,No,No,Yes,B,,,,,Story,0x693c7AcF65e52C71bAFE555Bc22d69cB7f8a78a2,https://www.tiktok.com/@hobbikats,,https://larry.cat/home,https://x.com/EvilLarryToken,,https://ip.world/ip/evil-larry,IP World,,"While ip.world has several tokens in this category, the claiming of one of them as official directs all of their fees to the creator. We do not consider this as the token having duplicate mints.",,,,,,,,,,,,
Joecoin,$JOE,,No,N/A,,,Yes,,,,,,,,,,,,,,,,0x76e222b07c53d28b89b0bac18602810fc22b49a8,https://x.com/joecoin_/,,,,,https://x.com/joecoin_/status/1951484383551992170,,,,,,,,,,,,,,,
Ibiza final boss,,,No,N/A,,,,,,,,,,,,,,,,,,,Very hard to find???,https://x.com/finalbossjack,,,,,,,,,,,,,,,,,,,,
Trencher,,Grizz,No,N/A,Yes,N/A,Unknown,Yes,Yes,Yes,No,Yes,No,No,,,A+,,,,,Solana,8ncucXv6U6epZKHPbgaEBcEK399TpHGKCquSt4RnmX4f,https://x.com/grizzle_art,,,,,,,,,,,,,,,,,,,,
Tingus,,,No,N/A,,,,,,,,,,,,,,,,,,,FFMBajrDXwRwUw4j5D8XDN14Jp1Z72mnxjAoh34pump,,,,,,,,,,,,,,,,,,,,,
PUCCA,,,No,N/A,Yes,N/A,,,,,,,,,,,,,,,,,8aJuQEkQstCrSUXVGpmgaTqgSG7cW8FmVaudu8UBem6A,,,,,,https://x.com/official_pucca/status/1864322161659572530,,,,,,,,,,,,,,,
chiitan,,,No,N/A,,,,,,,,,,,,,,,,,,,A3gMddXMAhmc3P9dLjHv2n6ywWWzpGZbRCH6y8sta8ug,,,,,,,,,,,,,,,,,,,,,
https://app.ariaprotocol.xyz/,https://www.dextools.io/app/en/story/pair-explorer/0xaab8353dab066a1bfd3a097d96ec7cbdce1bc231?t=1756674269706,,,,,,badly phrased q - does the token mean you own the IP? etc.,,,,,,,,,,,,,,,,,,,,,,,,,,,,,,,,,,,,,
enron,BktHEAc2WS8TQi2vmavn1rA4L1WJuwF3Vkk3DnwwARti,,,,,,,,,,,,,,,,,,,,,,,,,,,,,,,,,,,,,,,,,,,
troll,5UUH9RTDiSpq6HKS6bp4NdU9PNJpXRXuiw6ShBTBhgH2,,,,,,,,,,,,,,,,,,,,,,,,,,,,,,,,,,,,,,,,,,,
Unicorn Meat,0xdfa208bb0b811cfbb5fa3ea98ec37aa86180e668,Alex Van de Sande (avsa.eth),,,Yes,Yes,,,,,,,,,,,,,,,,Ethereum,0xdfa208bb0b811cfbb5fa3ea98ec37aa86180e668,https://x.com/avsa,,,https://x.com/UnicornMeatETH,,https://gist.github.com/alexvandesande/eca0b87da89ab28fa50c,,,A magical coin made by Ethereum in March 2016.,https://www.unicornmeateth.com/,,,,,,,,,,,
MistCoin,0x7fd4d7737597e7b4ee22acbf8d94362343ae0a79,Fabian Vogelsteller & Alex Van de Sande ,,,Yes,Yes,,,,,,,,,,,,,,,,Ethereum,0x7fd4d7737597e7b4ee22acbf8d94362343ae0a79,https://x.com/feindura and https://x.com/avsa,,,https://x.com/MistCoinEth,,https://www.mistcoineth.com/#,,,MistCoin was created by Ethereum in 2015 to test the ERC-20 token standard.,https://www.mistcoineth.com/,,,,,,,,,,,
Never Give Up,$MINER,Dum_Ilustrador,,,Yes,Yes,,Yes,Yes,,,,No,No,,,,,,,,Solana,Gka1TQEevBbVw4W9K15ER96ZzKByMTb6TBMQzWFEpump,https://x.com/Dum_Ilustrador,https://knowyourmeme.com/memes/never-give-up-digging-for-diamonds,,,12/4/2025,https://x.com/Dum_Ilustrador/status/1996627425652818256?s=20,,Meme,,,,,,,,,,,,,