Meme name,Creator Name,Creator social media,Token address,KYM,Is the artwork fully onchain?,Does the creator retain IP rights?,Has this meme been minted in any other format not directly linked to this token?,Is the origin of the meme a physical artwork?,Is the token the original source of the content?,Are there any doubts about the authenticity of the creator's verification?,Creator address,Marketplace link,Price of last sale,Date of last sale,Current owner,Current owner address,Links to support provenance,Price of first sale,Date of first sale,Initial owner,Initial owner address,Note,ID (MEME)
Awkward White People Smile,David Vujanic,https://twitter.com/davidvujanic,,,,,,,,,,https://foundation.app/mint/eth/0x16e4195f8548CA2647fa607247096f5779F07dBF/1,,,Feisty DAO / BIC,,,,,,,,awkward-people
Bad Luck Brian,Kyle Craven,,https://etherscan.io/nft/0x3b3ee1931dc30c1957379fac9aba94d1c48a5405/4263,https://knowyourmeme.com/memes/bad-luck-brian,,,,,,,,https://foundation.app/mint/eth/0x3B3ee1931Dc30C1957379FAc9aba94D1C48a5405/4263,20 eth,3-Nov-2021,Fractionalised by DankBank,,,,,,,,bad-luck-brian
Baton Roue,Corentin Penloup,https://www.instagram.com/corentinpen/,,,,,,,,,,https://foundation.app/mint/eth/0x8aE128EC8588A208FBcB8Bfb03F58D7F6b3e3478/1,4 eth,13-Oct-2024,Feisty DAO / BIC,,"Artnerra intro. Bought by BIC Oct 13, 2024 via auction. ",,,,,,baton
Change My Mind,https://twitter.com/TheJaredMonroe,,,,,,,,,,,https://foundation.app/mint/eth/0x630F989CE44f6F6DaCC4277Fbd687FB298147165/1,,,,,,,,,,,change-my-mind
Coffin dance,Benjamin Aidoo,,,https://knowyourmeme.com/memes/coffin-dance,,,,,,,,https://foundation.app/mint/eth/0xbAABFbF98387C5b9f7FF155Ea6b166198Dc4BF13/3,327 eth,4-Aug-2022,3FMusic,,,,,,,,coffin-dance
Doge,Atsuko Sato,,,https://knowyourmeme.com/memes/doge,,,,,,,,https://zora.co/collect/eth:0xabefbc9fd2f806065b4f3c237d4b59d9a97bcac7/3366,1696 eth,11-Jun-2021,Fractionalised by PleasrDAO,,https://very.auction/doge-history,,,,,,doge
"Elon, I drew you!",Watchieboy,,,None,,,,,,,,https://foundation.app/mint/eth/0x3B3ee1931Dc30C1957379FAc9aba94D1C48a5405/38177,"$10,000",20-May-2021,Fractionalised by FeistyDAO,,,,,,,,elon-i-drew-you
Gigachad 1,Krista Sudmalis,,,https://knowyourmeme.com/memes/gigachad,,,,,,,,https://opensea.io/assets/ethereum/0x5bb137ba6dcf1c4d8ad2d09ec4617eb33b77fa33/53,23 eth,25-Jan-2022,Path,,,,,,,,gigachad
Gigachad 2,Krista Sudmalis,,,https://knowyourmeme.com/memes/gigachad,,,,,,,,https://opensea.io/assets/ethereum/0x5bb137ba6dcf1c4d8ad2d09ec4617eb33b77fa33/54,20 eth,6-May-2022,FeistyDAO / BIC,,,,,,,,gigachad-2
Grumpy cat,,,,https://knowyourmeme.com/memes/grumpy-cat,,,,,,,,https://foundation.app/mint/eth/0x3B3ee1931Dc30C1957379FAc9aba94D1C48a5405/5467,44.2 eth,13-Mar-2021,-,0x9b11aA03c726923d770F9B2D5e7B57dBCE003ce4,,,,,,,grumpy-cat
Keyboard Cat,Charlie Schmidt,,,https://knowyourmeme.com/memes/keyboard-cat,,,,,,,,https://foundation.app/mint/eth/0x3B3ee1931Dc30C1957379FAc9aba94D1C48a5405/5553,36 eth,4-Jun-2024,FeistyDAO / BIC,,,,,,,,key-cat
Me Gusta,May Oswald (formerly Matt),,,https://knowyourmeme.com/memes/me-gusta,,,,,,,,https://foundation.app/mint/eth/0xc32972F47Ed3348EeCcE472acA374e1D91cbd652/1,21.96 eth,22-Nov-2024,Feisty DAO / BIC,,Giancarlo Chaux introduction. BIC won.,,,,,,me-gusta
Mother Ignoring Kid Drowning In A Pool,Lepp family,,,https://knowyourmeme.com/memes/mother-ignoring-kid-drowning-in-a-pool,,,,,,,,https://foundation.app/mint/eth/0x3B3ee1931Dc30C1957379FAc9aba94D1C48a5405/71097,10 eth,21-Mar-2024,FeistyDAO / BIC,0x8569FCa4fb54CE58228992CDA60bc920A574cf39,,,,,,,mother-kid
Unimpressed Nightclub Girl,David Wilkinson,,https://etherscan.io/tx/0x171c4876c242a191ae0738225868c996d75a9ff9eba00571539a4bf15a9343db,https://knowyourmeme.com/memes/milk-edinburgh-club-photo,,,,,,,https://foundation.app/@_Empirical,https://foundation.app/mint/eth/0x1547FFb18fcC241a70540EeF2C495A71c8336470/1,15 eth,,Feisty DAO / BIC,,,,,,,,nightclub-girl
Nyancat,Chris Torres,,,https://knowyourmeme.com/memes/nyan-cat,,,,,,,,https://foundation.app/mint/eth/0x3B3ee1931Dc30C1957379FAc9aba94D1C48a5405/219,300 eth,19-Feb-2021,-,0x7Eb28B2f14A59789ec4c782A5DD957F9C8F33f6b,,,,,,,nyan-cat
"Cute Little Dog/Oh No, It's Retarded /oh no, it's redacted
",tumblr user: aaaaa42c,,,,,,,,,,,https://foundation.app/mint/eth/0x8C4882366b238899a0Ae6088385C0472CBe6c7BD/1,3 eth,28-Oct-2024,Feisty DAO / BIC,,Giancarlo Chaux introduction. Bought by BIC,,,,,,oh-no
"Raccoon Dancing in a Circle / ""Pedro Pedro Pedro"" | Know Your Meme",fleksa30,Флекса (@fleksa30) | TikTok,0xc1415CEe79f8578c6B82c8d6335cd5acfA1D4e02,https://knowyourmeme.com/memes/raccoon-dancing-in-a-circle-pedro-pedro-pedro,,,,,,,,RaccoonPedro | Foundation,1 eth,30-May-2024,Feisty DAO / BIC,0x8569FCa4fb54CE58228992CDA60bc920A574cf39,,,,,,,raccon
Jumping on a rake,Anton Gudim,,,https://knowyourmeme.com/memes/stepping-vs-jumping-on-a-rake,,,,,,,,https://foundation.app/mint/eth/0x3B3ee1931Dc30C1957379FAc9aba94D1C48a5405/13239,1 eth,4-Jun-2024,FeistyDAO / BIC,,,,,,,,rake
Scumbag Steve,Blake Boston,,,https://knowyourmeme.com/memes/scumbag-steve,,,,,,,,https://foundation.app/mint/eth/0x3B3ee1931Dc30C1957379FAc9aba94D1C48a5405/4928,30.2008 eth,15-Mar-2021,CryptoEarth,0x0481ac68Cc3CB70f71C537C9CC14a6DDc29881B1,,,,,,,scumbag-steve
The silent protector,Utkal Gaurab,https://x.com/utkal_gaurab?lang=en,https://etherscan.io/nft/0xE7c6753CAFa5daB336544f2C5AfA2248775181b8/1,,,,,,,,,https://foundation.app/mint/eth/0xE7c6753CAFa5daB336544f2C5AfA2248775181b8/1,3 eth,29-Nov-2024,Feisty DAO / BIC,,"Paul at Artnerra facilating Auction on Nov 26, 2024. 3 eth bid to start. Editions from 6529: https://twitter.com/punk6529/status/1783546590633906527",,,,,,silent-protector
Stonks,,,,,,,,,,,,https://opensea.io/assets/ethereum/0x495f947276749ce646f68ac8c248420045cb7b5e/18661172622810850372796117433098046466540407174306911208368628814753287897089,youtooz,,-,,,,,,,,stonks
supa hot fire,,,,,,,,,,,,https://highlight.xyz/mint/66a02af560d042133f3b68f4,,,,,,,,,,,supa-hot-fire
Woman yelling at a cat,Various,,,https://knowyourmeme.com/memes/woman-yelling-at-a-cat,,,,,,,,https://foundation.app/mint/eth/0x335b1CA466e5Bb479Af644b90E73705ab0766C16/2,15 eth,21-Nov-2022,AtlantisWorld,0x036C545Ae4f68059b4C83f7E3814429d4c73c089,,,,,,,wyac
Yellow Glasses Guy,,,,https://knowyourmeme.com/memes/yellow-glasses-guy,,,,,,,,https://zora.co/collect/eth:0xabefbc9fd2f806065b4f3c237d4b59d9a97bcac7/1104,2.5 eth,4-Mar-2021,Fractionalised by -,,https://twitter.com/SplashxMuyi/status/1036041451556233216?s=20,,,,,,yggc
you live like this?,,https://x.com/zxchfxnxcct/status/1847274364166721726,,,,,,,,,,https://foundation.app/mint/eth/0x16a40bF85A08ccc0d8DC22610098C1ead0C71B1b/1,1.5 eth,18-Nov-2024,Feisty DAO / BIC,,Giancarlo Chaux introduction. Bought by BIC. ,,,,,,you-live-like-this
Creepy Chan,Allison Harvard,,,https://knowyourmeme.com/memes/creepy-chan,,,,,,,,https://foundation.app/mint/eth/0x3B3ee1931Dc30C1957379FAc9aba94D1C48a5405/16273,35 eth,4-Mar-2021,3FMusic,0x3432B45B9ee95BD5C31a726B936CF2ec719A2153,,,,,,,
Trollface,Carlos Ramirez,,,https://knowyourmeme.com/memes/trollface,,,,,,,,https://foundation.app/mint/eth/0x3B3ee1931Dc30C1957379FAc9aba94D1C48a5405/3161,7 eth ,13-Oct-2021,Path,,,,,,,,
Twinkie Doge,Ryan Hell,,,None,,,,,,,,https://zora.co/collect/eth:0xabefbc9fd2f806065b4f3c237d4b59d9a97bcac7/4833,6 eth,2-Mar-2024,FeistyDAO / BIC,0x8569FCa4fb54CE58228992CDA60bc920A574cf39,,,,,,,
Pepe the Frog,Matt Furie,,,https://knowyourmeme.com/memes/pepe-the-frog,,,,,,,,https://opensea.io/assets/ethereum/0xe573b99ffd4df2a82ea0986870c33af4cb8a5589/43,undisclosed,14-Mar-2024,Andrew Kang,0xff3879B8A363AeD92A6EABa8f61f1A96a9EC3c1e,,,,,,,
Oh My God,Joseph -,,,https://knowyourmeme.com/memes/oh-my-god,,,,,,,,https://foundation.app/mint/eth/0x2E30E6A519A806B24d31133910eBbb18Eb2e96DA,editioned,28-Apr-2024,Editioned,,,,,,,,
Shooting Stars,Bag Raiders,,https://cronos-pos.org/explorer/nfts/tokens/f240395bdf88c0af442fb3a2f978df255/edition1,https://knowyourmeme.com/memes/shooting-stars,,,,,,,,https://crypto.com/nft/marketplace?search=shooting+star&curation=CURATED&asset=ec92fd85fe9327693a3dde41d98f2172&detail-page=MARKETPLACE,"$15,000",22-Jun-2021,Path,,,,,,,,
Sminem,Roman Zuev,,,https://knowyourmeme.com/memes/sminem,,,,,,,,https://foundation.app/mint/eth/0x1932DD836665251ca0EFc62Aa02627AC629aA7c6/1,12.1 eth,5-Apr-2022,-,0xeA3125A187a442A4d1dba5CC62638345Ce262B6C,,,,,,,
Disaster Girl,Zoe Roth,,,https://knowyourmeme.com/memes/disaster-girl,,,,,,,,https://foundation.app/mint/eth/0x3B3ee1931Dc30C1957379FAc9aba94D1C48a5405/25046,180,17-Apr-2021,3FMusic,,,,,,,,
dogwifhat,ma_babezz,,,https://knowyourmeme.com/memes/dogwifhat,,,,,,,,https://foundation.app/mint/eth/0x87B4DE3F1a6FAB7CcE3dC159C5930EC8BDB6dedD/1,1210.759 eth,18-Mar-2024,GCR,,,,,,,,
Shooter,1,,,https://knowyourmeme.com/memes/people/sam-hyde,,,,,,,,https://rarible.com/token/0xd07dc4262bcdbf85190c01c996b4c06a461d2430:87196,1 eth,29-Nov-2020,Path,,"In typical Sam Hyde chaos-fashion, this was posted on his instagram story and then deleted.",,,,,,
Google is sunsetting Gmail,Shl0ms,,,https://knowyourmeme.com/memes/google-is-sunsetting-gmail,,,,,,,,https://foundation.app/mint/eth/0xF404357b265c09B7D0779103a79dc7563a2477Aa/2,9.6 eth,26-Feb-2024,Path,,https://www.reddit.com/r/drawing/comments/aytyv4/tried_drawing_elon_musk_im_fairly_new_to_drawing/,,,,,,
Drowning High Five,Anton Gudim,,,https://knowyourmeme.com/memes/drowning-high-five,,,,,,,,https://foundation.app/mint/eth/0x3B3ee1931Dc30C1957379FAc9aba94D1C48a5405/10440,2.3661 eth,21-Mar-2021,CryptoEarth,0x0481ac68Cc3CB70f71C537C9CC14a6DDc29881B1,,,,,,,
Overly Attached Girlfriend,Laina,,,https://knowyourmeme.com/memes/overly-attached-girlfriend,,,,,,,,https://foundation.app/mint/eth/0x3B3ee1931Dc30C1957379FAc9aba94D1C48a5405/17046,200 eth,4-Mar-2021,3FMusic,,,,,,,,
Dancing Triangle,,,,https://knowyourmeme.com/memes/dancing-triangle,,,,,,,,https://rarible.com/token/0xc9154424b823b10579895ccbe442d41b9abd96ed:112544722715969627705246365514693792416651132390213103426534327252035502604295,-,17-Mar-2022,Fractionalised by DankBank,,,,,,,,
Running Away Balloon,Elmer Saflor,https://m.facebook.com/SuperElmerDS,,,,,,,,,,https://rarible.com/token/0xc9154424b823b10579895ccbe442d41b9abd96ed:101163061257327218847112947755388535179084078949475590106083314187628512804877,5 eth,,Editioned,,,,,,,,
Dramatic Dmitry / Мужик с Песком,Max Eryomenko,,,https://knowyourmeme.com/memes/dramatic-dmitry,,,,,,,,https://rarible.com/token/0xd07dc4262bcdbf85190c01c996b4c06a461d2430:446799,1 eth,30-Nov-2021,Path,,https://teletype.in/@egor_beetle/eo1YFkQYV,,,,,,
Thumbs Up School Photo / Shiva,,,,https://knowyourmeme.com/memes/shiva,,,,,,,,https://foundation.app/mint/eth/0x3B3ee1931Dc30C1957379FAc9aba94D1C48a5405/11703,2 eth,18-Apr-2021,Path,,,,,,,,
Ermahgerd,,,,https://knowyourmeme.com/memes/ermahgerd,,,,,,,,https://foundation.app/mint/eth/0x3B3ee1931Dc30C1957379FAc9aba94D1C48a5405/21303,2.2 eth,13-Apr-2021,Fractionalised by DankBank,,,,,,,,
Success Kid,,,,https://knowyourmeme.com/memes/success-kid-i-hate-sandcastles,,,,,,,,https://foundation.app/mint/eth/0x3B3ee1931Dc30C1957379FAc9aba94D1C48a5405/21262,15 eth,4-Nov-2021,Fractionalised by DankBank,,,,,,,,
Tips Fedora,Jerry Messing,,,https://knowyourmeme.com/memes/tips-fedora,,,,,,,,https://foundation.app/mint/eth/0x3B3ee1931Dc30C1957379FAc9aba94D1C48a5405/22878,5.69 eth,16-Apr-2021,DankBank,,,,,,,,
Trade Offer,,,https://etherscan.io/nft/0xf6e70d3829cb9017d423f58d9812a608544a9c08/0,https://knowyourmeme.com/memes/trade-offer,,,,,,,,https://opensea.io/assets/ethereum/0x495f947276749ce646f68ac8c248420045cb7b5e/31245030270794089439729633974799110179787028590344382539435425441770851270657,-,18-Mar-2022,Fractionalised by DankBank,,,,,,,,
10 Guy,,,,https://knowyourmeme.com/memes/10-guy,,,,,,,,https://foundation.app/mint/eth/0x3B3ee1931Dc30C1957379FAc9aba94D1C48a5405/35918,5.5 eth,6-Jun-2021,Fractionalised by DankBank,,,,,,,,
"Hide yo kids, hide yo wife",,,,https://knowyourmeme.com/memes/antoine-dodson-bed-intruder,,,,,,,,https://opensea.io/assets/ethereum/0x495f947276749ce646f68ac8c248420045cb7b5e/83101176581157453043682475717375521781674978417670287840843083150499703160833,,,Fractionalised by DankBank,,,,,,,,
hi okay,,,,https://knowyourmeme.com/memes/okaymovement,,,,,,,,https://opensea.io/assets/ethereum/0x495f947276749ce646f68ac8c248420045cb7b5e/92817802923406019196658857629222675855938652180623827918613910150536174239745,3 eth,11-Jul-2021,Fractionalised by DankBank,,,,,,,,
honeybadger don't care,,,,https://knowyourmeme.com/memes/honey-badger,,,,,,,,https://opensea.io/assets/ethereum/0x495f947276749ce646f68ac8c248420045cb7b5e/57247667019226898328456001349781244332295185463776178775820306389196884410369,,,Fractionalised by DankBank,,,,,,,,
charlie bit my finger,,,,https://knowyourmeme.com/memes/charlie-bit-my-finger,,,,,,,,https://opensea.io/assets/ethereum/0x9b5d407f144da142a0a5e3ad9c53ee936fbbb3dd/1,,,3FMusic,,,,,,,,
look at all those chickens!,,,,None,,,,,,,,https://opensea.io/assets/ethereum/0x495f947276749ce646f68ac8c248420045cb7b5e/68353588280263751695007659090475813188773970056781580080373426776284384460801,3 eth,26-Jan-2022,Fractionalised by DankBank,,,,,,,,
sneezing baby panda,,,,https://knowyourmeme.com/memes/sneezing-baby-panda,,,,,,,,https://opensea.io/assets/ethereum/0x2cbee73bd416ba3a6534160ef89b81713d5b1d0a/2,5 eth,2-Mar-2022,Fractionalised by DankBank,,,,,,,,
i could've dropped my croissant,,,,https://knowyourmeme.com/memes/i-couldve-dropped-my-croissant,,,,,,,,https://opensea.io/assets/ethereum/0x495f947276749ce646f68ac8c248420045cb7b5e/71138447563977496309796851177984695524744835942356281483904439662436253958145,,,Fractionalised by DankBank,,,,,,,,
evolution of dance,,,,https://knowyourmeme.com/memes/evolution-of-dance,,,,,,,,https://opensea.io/assets/ethereum/0x495f947276749ce646f68ac8c248420045cb7b5e/68353588280263751695007659090475813188773970056781580080373426778483407716353,4 eth,26-Jan-2022,Fractionalised by DankBank,,,,,,,,
i don't like you mommy,,,,None,,,,,,,,https://opensea.io/assets/ethereum/0x495f947276749ce646f68ac8c248420045cb7b5e/68353588280263751695007659090475813188773970056781580080373426779582919344129,5 eth,,Fractionalised by DankBank,,,,,,,,
two pretty best friends,,,,https://knowyourmeme.com/memes/i-aint-never-seen-two-pretty-best-friends,,,,,,,,https://opensea.io/assets/ethereum/0x495f947276749ce646f68ac8c248420045cb7b5e/27333905095823052309206956344922941264101257723158380651005257153855440814081,,,Fractionalised by DankBank,,,,,,,,
Peter I Told You,Bodko,,,https://knowyourmeme.com/memes/peter-i-told-you,,,,,,,,https://foundation.app/mint/eth/0x3B3ee1931Dc30C1957379FAc9aba94D1C48a5405/110959,,,Private,0x8C8E3BAA552769Bb2e91FeBA6637415FaCf7A22C,,Unknown - est. 0.17,feb 22nd 2022,,,,
The Pumpkin Dance,,,,https://knowyourmeme.com/memes/pop-cat,,,,,,,,https://foundation.app/mint/eth/0x3B3ee1931Dc30C1957379FAc9aba94D1C48a5405/103320,,,-,,,,,,,,
N64 Kid,,,,https://knowyourmeme.com/memes/nintendo-64-kids,,,,,,,,https://foundation.app/mint/eth/0x3B3ee1931Dc30C1957379FAc9aba94D1C48a5405/92050,50 eth,30-Sep-21,Andrew Kang,,,,,,,,
Fuck around and find out,,,,,,,,,,,,https://opensea.io/assets/ethereum/0x33fd426905f149f8376e227d0c9d3340aad17af1/149,,,Editioned,,,,,,,,
Milk,,,,https://knowyourmeme.com/memes/wait-its-all-ohio-always-has-been,,,,,,,,https://foundation.app/mint/eth/0x44bEDea864bc340061eaeE8A97b2914f4Ba14a05/1,-,22-Feb-2023,Private,,,,,,,,
Trojan Horse,Martin Kozlowski,https://x.com/kozmicpictures,,https://knowyourmeme.com/memes/daily-struggle,,,,,,,,https://foundation.app/mint/eth/0xb6A70E1e80cB3002FAB7025A70d2a296b69c30dB/1,5 eth,28-Jan-2025,FeistyDAO / BIC,0x8569FCa4fb54CE58228992CDA60bc920A574cf39,,,,,https://foundation.app/@Kozlowski,Won by BIC for 5 eth. Original Facebook / NY Times Trojan Horse brought to market by Artnerra.,
Leave Britney Alone,Chris Crocker,,,https://knowyourmeme.com/memes/leave-britney-alone,,,,,,,,https://foundation.app/mint/eth/0x3B3ee1931Dc30C1957379FAc9aba94D1C48a5405/21947,18.6942 eth,13-Apr-2021,-,0xb5e61eCdD89F5cBA7e6F9657329413A40147F958,,,,,,,
Friendship Ended,,,,https://knowyourmeme.com/memes/friendship-ended-with-mudasir,,,,,,,,https://foundation.app/mint/eth/0x3B3ee1931Dc30C1957379FAc9aba94D1C48a5405/66318,20 eth,8-Jan-2021,Andrew Kang,,,,,,,,
David after Dentist,,,,https://knowyourmeme.com/memes/david-after-dentist,,,,,,,,https://foundation.app/mint/eth/0x3B3ee1931Dc30C1957379FAc9aba94D1C48a5405/33172,3.3 eth,5-Jul-2021,Andrew Kang,,,,,,,,
Side Eyeing Chloe,,,,https://knowyourmeme.com/memes/side-eyeing-chloe,,,,,,,,https://foundation.app/mint/eth/0x3B3ee1931Dc30C1957379FAc9aba94D1C48a5405/59244,25 eth,24-Sep-21,3FMusic,,,,,,,,
Why you always lying,,,,https://knowyourmeme.com/memes/why-the-fuck-you-lyin,,,,,,,,https://foundation.app/mint/eth/0x3B3ee1931Dc30C1957379FAc9aba94D1C48a5405/98073,25 eth,18-Oct-21,Andrew Kang,,,,,,,,
Dust Storm Dog,Robin Lopvet,,,https://knowyourmeme.com/memes/dust-storm-dog,,,,,,,,https://foundation.app/mint/eth/0x3B3ee1931Dc30C1957379FAc9aba94D1C48a5405/34702,1.7821 eth,27-May-21,Andrew Kang,,,,,,,,
Dancing Baby,,,,https://knowyourmeme.com/memes/dancing-baby,,,,,,,,https://foundation.app/mint/eth/0xb1Fe48fDA65D0852bD4c76896E20c002C7dA0e43/7,11.11 eth,21-July-25,Feisty DAO / BIC,0x0aAeF7BbC21c627f14caD904E283e199cA2b72cC,,,,,,,
Going to the store,,,,https://knowyourmeme.com/memes/going-to-the-store,,,,,,,,https://foundation.app/mint/eth/0x3B3ee1931Dc30C1957379FAc9aba94D1C48a5405/26151,34.1 eth,24-Apr-21,-,0xD010E20dd739C107e592A350D17C981073605a8b,,,,,,,
The Like Button,,,,https://knowyourmeme.com/memes/nut-button,,,,,,,,https://foundation.app/mint/eth/0x3B3ee1931Dc30C1957379FAc9aba94D1C48a5405/90014,1.2101 eth,28-Sep-21,Andrew Kang,,,,,,,,
Suh Dude,,,,https://knowyourmeme.com/memes/suh-dude,,,,,,,,https://foundation.app/mint/eth/0x3B3ee1931Dc30C1957379FAc9aba94D1C48a5405/19752,8.888 eth,4-Jul-2021,Andrew Kang,,,,,,,,
The Screaming Sheep,,,,None,,,,,,,,https://foundation.app/mint/eth/0x3B3ee1931Dc30C1957379FAc9aba94D1C48a5405/72838,2.9 eth,9-Mar-2021,Andrew Kang,,,,,,,,
How dubstep was discovered,,,,https://knowyourmeme.com/memes/how-dubstep-was-discovered,,,,,,,,https://foundation.app/mint/eth/0x3B3ee1931Dc30C1957379FAc9aba94D1C48a5405/9103,2.3123 eth,18-Mar-21,CryptoEarth,0x0481ac68Cc3CB70f71C537C9CC14a6DDc29881B1,is this famous enough?,,,,,,
Ridiculously Photogenic Guy,,,,https://knowyourmeme.com/memes/ridiculously-photogenic-guy,,,,,,,,https://foundation.app/mint/eth/0x3B3ee1931Dc30C1957379FAc9aba94D1C48a5405/21227,3.3 eth,19-Apr-21,-,0x37cF9ad4212Bdce8cb48bAF84f1B736090349150,,,,,,,
Stoned Fox,,,,https://knowyourmeme.com/memes/stoned-fox-%D1%83%D0%BF%D0%BE%D1%80%D0%BE%D1%82%D0%B0%D1%8F-%D0%BB%D0%B8%D1%81%D0%B0,,,,,,,,https://foundation.app/mint/eth/0x3B3ee1931Dc30C1957379FAc9aba94D1C48a5405/14603,10 eth,4-Mar-2021,-,0x2630d37C8d29eeE28283BD5223b072D19AB7295a,,,,,,,
Deal With it,,,,https://knowyourmeme.com/memes/deal-with-it,,,,,,,,https://foundation.app/mint/eth/0x3B3ee1931Dc30C1957379FAc9aba94D1C48a5405/2966,15 eth,3-May-2021,-,0x2630d37C8d29eeE28283BD5223b072D19AB7295a,,,,,,,
Vengeance Dad,,,,https://knowyourmeme.com/memes/vengeance-dad,,,,,,,,https://foundation.app/mint/eth/0x3B3ee1931Dc30C1957379FAc9aba94D1C48a5405/24322,0.5 eth,16-Apr-21,HypnoPizza,,,,,,,,
Double Vision,,,,None,,,,,,,,https://foundation.app/mint/eth/0x3B3ee1931Dc30C1957379FAc9aba94D1C48a5405/24247,0.5 eth,16-Apr-21,HypnoPizza,,,,,,,,
American Gothic,,,,None,,,,,,,,https://foundation.app/mint/eth/0x3B3ee1931Dc30C1957379FAc9aba94D1C48a5405/24240,0.555 eth ,17-Apr-21,HypnoPizza,,,,,,,,
Clarinet Boy,,,,https://knowyourmeme.com/memes/ptsd-clarinet-boy,,,,,,,,https://foundation.app/mint/eth/0x3B3ee1931Dc30C1957379FAc9aba94D1C48a5405/23868,5.555 eth ,16-Apr-21,HypnoPizza,,,,,,,,
Day at the beach,,,,None,,,,,,,,https://foundation.app/mint/eth/0x3B3ee1931Dc30C1957379FAc9aba94D1C48a5405/23871,0.5 eth ,16-Apr-21,HypnoPizza,,,,,,,,
Harambe,Jeff McCurry,,,https://knowyourmeme.com/memes/harambe-the-gorilla,,,,,,,,https://foundation.app/mint/eth/0x3B3ee1931Dc30C1957379FAc9aba94D1C48a5405/40582,30.3 eth,6-Mar-2021,Fractionalised by AK,,,,,,,,
The dress,,,,https://knowyourmeme.com/memes/unsheathing-the-sword,,,,,,,,https://foundation.app/mint/eth/0x3B3ee1931Dc30C1957379FAc9aba94D1C48a5405/6152,2.23 eth,,,,,,,,,,
Swole Doge,,,,,,,,,,,,https://opensea.io/assets/ethereum/0x495f947276749ce646f68ac8c248420045cb7b5e/18661172622810850372796117433098046466540407174306911208368628815852799524865,youtooz,,-,,,,,,,,
Meme Man,,,,,,,,,,,,https://opensea.io/assets/ethereum/0x495f947276749ce646f68ac8c248420045cb7b5e/18661172622810850372796117433098046466540407174306911208368628813653776269313,youtooz,,-,,,,,,,,
Boxxy,Catherine Wayne (Boxxy),,,https://knowyourmeme.com/memes/boxxy,,,,,,,,https://foundation.app/mint/eth/0x3B3ee1931Dc30C1957379FAc9aba94D1C48a5405/35899,13 eth,12-Oct-2025,BIC,,,,,Doh.eth,,,
Irish predrink story,,,,https://knowyourmeme.com/memes/doomer,,,,,,,,https://foundation.app/mint/eth/0x25D3dAFdAa2F574BA71d4A2938AA1f6f570f3Ca6/1,did not meet reserve,,,,,,,,,,
Gavin's fed up,,,,,,,,,,,,https://etherscan.io/nft/0x495f947276749ce646f68ac8c248420045cb7b5e/4172475742802404534571085710582608733219528854136165728131176684486578405377,?,,,,,,,,,,
Blocking out the haters,,,,,,,,,,,,https://rarible.com/token/0xc9154424b823b10579895ccbe442d41b9abd96ed:20879330987162290049125329704040471096744557062818238869913161666781599760385?tab=history,3.9 eth,,,,,,,,,,
It's so fucking big,,,,,,,,,,,,https://opensea.io/assets/ethereum/0x495f947276749ce646f68ac8c248420045cb7b5e/1027026712524822182904718620905359951383688295538092833490295048048457285633,db,,,,,,,,,,
The wedding of carole and howard baskin,,,,,,,,,,,,https://opensea.io/assets/ethereum/0x495f947276749ce646f68ac8c248420045cb7b5e/73844700938444353416730464784495794855222177230089913800480490581640368619521,fractionalized b4 sale,,,,,,,,,,
Surprised Kitty,,,,,,,,,,,,https://zora.co/collect/eth:0xabefbc9fd2f806065b4f3c237d4b59d9a97bcac7/5941,burned; private contract written up,,,,,,,,,,
Daily Struggle / Two Buttons,Jake Clark,https://twitter.com/JakeClarkDude,,,,,,,,,,https://foundation.app/@Jake-Clark,NOT MINTED,,,,,,,,,,
Green Shirt Guy,,,x2,,,,,,,,,https://foundation.app/mint/eth/0x3B3ee1931Dc30C1957379FAc9aba94D1C48a5405/71468,,,,,,,,,,,
tank yoga coup (Coup D'Etat),,,,,,,,,,,,https://foundation.app/mint/eth/0x3B3ee1931Dc30C1957379FAc9aba94D1C48a5405/96863,,,Feisty DAO / BIC,,,,,,,,
Chonky Cat / Huh Cat,,,,,,,,,,,,https://foundation.app/mint/eth/0x97FE8701793639022ddE8bdACA4c23230DA67349/1,,,Feisty DAO / BIC,,,,,,,,
Nala Cat,,,,https://knowyourmeme.com/memes/nala-cat--2,,,,,,,,Pending,,,-,,,,,,,,
greg,,,,,,,,,,,,https://opensea.io/assets/ethereum/0x495f947276749ce646f68ac8c248420045cb7b5e/5782214960718758215255672528161104928681644881258912131361621615059492929537,,,,,,,,,,,
running horse,,,,,,,,,,,,https://zora.co/collect/base:0xed6bb60faf5be2f3bbcf7c03877b05e26e36a8bc/2,,,,,native nft!,,,,,,
peanut butter jelly time,,,,,,,,,,,,https://foundation.app/mint/eth/0x3B3ee1931Dc30C1957379FAc9aba94D1C48a5405/19082,,,,,,,,,,,
Bitcoin sign (janet yellen),Christian Langalis,https://twitter.com/BitcoinUr,,,,,,,,,,https://foundation.app/mint/eth/0xE7c6753CAFa5daB336544f2C5AfA2248775181b8/1,,,,,,,,,,,
rugpull guy,,,,,,,,,,,,https://opensea.io/assets/ethereum/0x495f947276749ce646f68ac8c248420045cb7b5e/96227030633087284316701965576195101647907757690023680838010119827481788678145,,,,,,,,,,,
Backrooms Photo,,Farrell McGuire researched - https://www.youtube.com/watch?v=-1EKIIM3ShI,,https://knowyourmeme.com/memes/the-backrooms,,,,,,,,,,,,,"Farrell says in youtube he has contacted original photo taker but has not heard back yet (as of June 2, 2024).",,,,,,
the duck song,,,,,,,,,,,,https://opensea.io/collection/theducksong,,,,,,,,,,,
justin silva goofy,,,,https://knowyourmeme.com/memes/its-totally-okay-to-let-your-goofy-side-shine-through,,,,,,,,,,,,,,,,,,,
cheems,,,,,,,,,,,,,,,,,,,,,,,
vibing cat,,,,https://knowyourmeme.com/memes/catjam-vibing-cat,,,,,,,,https://highlight.xyz/mint/ethereum:0xc844036b6301724EFf6b7f890E8B9D8Aa9640C4F?sorting=date_desc,15 eth,8-Jul-2024,Feisty DAO / BIC,,Artnerra,,,,,,
supa hot fire (original collection),,,,,,,,,,,https://x.com/PortionApp/status/1415014362344009729,https://opensea.io/assets/ethereum/0xda98f59e1edecb2545d7b07b794e704ed6cf1f7a/904,,,,,,,,,,,
"Yes, The Planet Got Destroyed - Token Collection | Highlight",Tom Toro,,0x4A8AD9248FA05D84C1F173F4FfAD394673CbFD7e,,,,,,,,0x9348b5FBD375115b72933C0bb49E06715cc4a9Aa,https://highlight.xyz/mint/66b645a786d7ad5b142ac673,10 eth,16-Aug-2024,Feisty DAO / BIC,,Giancarlo Chaux ,,,,,,
omg cat,,,,,,,,,,,see tg,,,,,,,,,,,,
King of the Internet,Tim Whyatt,https://whyatt.com.au/about/,,,,,,,,,,Not Minted Yet,,,,,"Giancarlo Chaux introduction. Tim Whyatt chose not to move forward as of Nov 6, 2024.",,,,,,
that’s an old photo,Tim Whyatt,https://whyatt.com.au/about/,,,,,,,,,,Not Minted Yet,,,,,"Giancarlo Chaux introduction. Tim Whyatt chose not to move forward as of Nov 6, 2024.",,,,,,
I killed a man,,,,https://knowyourmeme.com/memes/i-killed-a-man,,,,,,,,https://seize.io/the-memes/mint,,,editioned,,,,,,,,
Squinting Cat,Mateo Güzel & Patrick & fushka,https://www.instagram.com/il__mateo/,,,,,,,,,,,,,,,"Luca at Artnerra showing in on Nov 25, 2024.",,,,,,
Soggy or Wet Cat,Watson,https://www.instagram.com/wat.ki/?hl=en,,,,,,,,,,,,,,,"Luca at Artnerra showing in on Nov 25, 2024.",,,,,,
Bert is Evil,Dino Ignacio,Dino Ignacio (@DinoIgnacio) / X,,https://knowyourmeme.com/memes/bert-is-evil,,,,,,,,https://foundation.app/mint/eth/0xDDe2509b0E4864Ab182c00589e6C5A2F7CD48e87/2,1 eth,21-Jul-2025,BIC,,,,,,,,
Original Moth Meme,No_Reason27,,,,,,,,,,,https://opensea.io/assets/ethereum/0x495f947276749ce646f68ac8c248420045cb7b5e/92236739539348438215948622152978820913812102588274580599893948915355991670785,1 eth,13-Dec-2021,,,,,,,,,
Estee,Irina Valko and Anastasia,https://facebook.com/toyokhara.shiba,0x8bd35250918eD056304fA8641E083bE2c42308BB,,,,,,,,,,,,,,,,,,,"Owner Name: Irina Valko
Facebook of owner:https://facebook.com/toyokhara.shiba
Photographer name: Anastasia
Photographer X: https://x.com/anaki2405
The Shiba NFT is actually already sold by the photographer: https://rarible.com/user/0x8b915e363e4e93aef94c0c6323fccf6de077d87e/owned

Provenance: The Project $ESTEE actually do have a relationship with the photographer Anastasia proof here: https://x.com/anaki2405/status/1846274419171143903. The photographer is a friend of the owner of the dog Irina

So overall I would say decently strong provenance but not perfect.",
Find the Coldplay Canoodlers,songaday,,,,,,,,,,,,,,,,,,,,,,
I can has cheezburger?,Eric Nakagawa,https://x.com/ericnakagawa,,,,,,,,,,https://opensea.io/collection/i-can-has-cheezburger,,,,,,,,,,,
Kevin,Pixelmon,https://x.com/Pixelmon,,,,,,,,,,,,,,,,,,,,,
The Dancing Banana,,,,,,,,,,,,https://opensea.io/item/ethereum/0x3b3ee1931dc30c1957379fac9aba94d1c48a5405/19082,7 eth,23-Jul-2025,BIC,,,,,,,,
Call an amabulance - but not for me,"Extreme Cowboy Fast Draw, Self Defense",,0x4D8E81620237d2C4210A53774b06d064482F1ec0,https://knowyourmeme.com/memes/call-an-ambulance-but-not-for-me,,,,,,,,https://foundation.app/mint/eth/0x4D8E81620237d2C4210A53774b06d064482F1ec0/1,6 eth,11-Sep-2025,BIC,0x8569FCa4fb54CE58228992CDA60bc920A574cf39,Artnerra showed in. ,,,,,,
Popeyes Kid,Dieunerst Collin,,,https://knowyourmeme.com/memes/popeyes-kid-dieunerst-collin,,,,,,,,https://foundation.app/mint/eth/0xC42dCB16F332Ac56E7e75323710ba6650bFDB085/1,10 eth,13-Dec-2024,BIC,0x8569FCa4fb54CE58228992CDA60bc920A574cf39,Artnerra showed in. ,,,,,,
Tornado Selfie,Riot Company,https://www.riotcontent.com/viral/uulf355lnkn4ojukewhw6sfbf5cc24,,https://knowyourmeme.com/memes/tornado-selfie-here-it-comes,,,,,,,,https://foundation.app/mint/eth/0x3c50b75e99772AdF6455B1d91706769bB356712F/1,7 eth,17-Jun-2025,BIC,0x8569FCa4fb54CE58228992CDA60bc920A574cf39,Artnerra showed in. ,,,,,,
Hackerman,Ryan Beckford,https://foundation.app/collection/hack-4ef8?addressOrSlug=0x47f0a61A62D6E1754CdeA0479e9152a225666cb9,0x47f0a61A62D6E1754CdeA0479e9152a225666cb9,https://knowyourmeme.com/memes/people/ryan-beckford,,,,,,,,https://foundation.app/mint/eth/0x47f0a61A62D6E1754CdeA0479e9152a225666cb9/1,8 eth,20-Nov-2025,BIC,0x8569FCa4fb54CE58228992CDA60bc920A574cf39,Artnerra showed in. ,,,,,,
,,,,,,,,,,,,,,,,,,,,,,,
,,,,,,,,,,,,,,,,,,,,,,,
,,,,,,,,,,,,,,,,,,,,,,,
,,,,,,,,,,,,,,,,,,,,,,,
,,,,,,,,,,,,,,,,,,,,,,,
,,,,,,,,,,,,,,,,,,,,,,,
,,,,,,,,,,,,,,,,,,,,,,,
,,,,,,,,,,,,,,,,,,,,,,,
,,,,,,,,,,,,,,,,,,,,,,,
,,,,,,,,,,,,,,,,,,,,,,,
,,,,,,,,,,,,,,,,,,,,,,,
,,,,,,,,,,,,,,,,,,,,,,,
,,,,,,,,,,,,,,,,,,,,,,,
,,,,,,,,,,,,,,,,,,,,,,,
,,,,,,,,,,,,,,,,,,,,,,,
,,,,,,,,,,,,,,,,,,,,,,,
,,,,,,,,,,,,,,,,,,,,,,,
,,,,,,,,,,,,,,,,,,,,,,,
,,,,,,,,,,,,,,,,,,,,,,,
,,,,,,,,,,,,,,,,,,,,,,,
,,,,,,,,,,,,,,,,,,,,,,,
,,,,,,,,,,,,,,,,,,,,,,,
,,,,,,,,,,,,,,,,,,,,,,,
,,,,,,,,,,,,,,,,,,,,,,,
,,,,,,,,,,,,,,,,,,,,,,,
,,,,,,,,,,,,,,,,,,,,,,,
,,,,,,,,,,,,,,,,,,,,,,,
,,,,,,,,,,,,,,,,,,,,,,,
,,,,,,,,,,,,,,,,,,,,,,,
HODL,!!!!!!!!!,,,https://knowyourmeme.com/memes/hodl,,,,,,,,https://foundation.app/mint/eth/0x3B3ee1931Dc30C1957379FAc9aba94D1C48a5405/77216,1 eth,9-Jul-2021,Partner,0x2525f1a08a2d5f037DDa969f2Fa1B56E4b4B47f3,"debatable provenance -  creator exit scammed, may have sold account",,,,,,